{"passed": {"1": {"inp": [8, 3, 4, 10, 5, 3], "icnt": {"circle_overlap_status": [{"name": 1, "value": 0}, {"name": 2, "value": 0}, {"name": 3, "value": 0}, {"name": 4, "value": 0}, {"name": 5, "value": 0}, {"name": 6, "value": 0}, {"name": 7, "value": 0}, {"name": 8, "value": 0}, {"name": 9, "value": 0}]}}}, "failed": {"1": {"inp": [3, -2, 1, 6, 0, 1], "icnt": {"circle_overlap_status": [{"name": 1, "value": 0}, {"name": 2, "value": 0}, {"name": 3, "value": 0}, {"name": 4, "value": 0}, {"name": 5, "value": 0}, {"name": 6, "value": 0}, {"name": 7, "value": 0}, {"name": 8, "value": 0}, {"name": 9, "value": 0}]}}}}