{"passed": {"1": {"inp": [-1, -2, -3], "icnt": {"power": [{"name": 1, "value": 0}, {"name": 2, "value": 0}, {"name": 3, "value": 0}, {"name": 4, "value": 0}, {"name": 5, "value": 0}, {"name": 6, "value": 0}, {"name": 7, "value": 0}]}}, "2": {"inp": [-2, 0, -3], "icnt": {"power": [{"name": 1, "value": 0}, {"name": 2, "value": 0}, {"name": 3, "value": 0}, {"name": 4, "value": 0}, {"name": 5, "value": 0}, {"name": 6, "value": 0}, {"name": 7, "value": 0}]}}, "3": {"inp": [-1, 0, -3], "icnt": {"power": [{"name": 1, "value": 0}, {"name": 2, "value": 0}, {"name": 3, "value": 0}, {"name": 4, "value": 0}, {"name": 5, "value": 0}, {"name": 6, "value": 0}, {"name": 7, "value": 0}]}}, "4": {"inp": [0, 0, -3], "icnt": {"power": [{"name": 1, "value": 0}, {"name": 2, "value": 0}, {"name": 3, "value": 0}, {"name": 4, "value": 0}, {"name": 5, "value": 0}, {"name": 6, "value": 0}, {"name": 7, "value": 0}]}}, "5": {"inp": [1, -3, 0], "icnt": {"power": [{"name": 1, "value": 0}, {"name": 2, "value": 0}, {"name": 3, "value": 0}, {"name": 4, "value": 0}, {"name": 5, "value": 0}, {"name": 6, "value": 0}, {"name": 7, "value": 0}]}}, "6": {"inp": [1, 0, -3], "icnt": {"power": [{"name": 1, "value": 0}, {"name": 2, "value": 0}, {"name": 3, "value": 0}, {"name": 4, "value": 0}, {"name": 5, "value": 0}, {"name": 6, "value": 0}, {"name": 7, "value": 0}]}}, "7": {"inp": [2, 0, -3], "icnt": {"power": [{"name": 1, "value": 0}, {"name": 2, "value": 0}, {"name": 3, "value": 0}, {"name": 4, "value": 0}, {"name": 5, "value": 0}, {"name": 6, "value": 0}, {"name": 7, "value": 0}]}}, "8": {"inp": [-3, 0, -2], "icnt": {"power": [{"name": 1, "value": 0}, {"name": 2, "value": 0}, {"name": 3, "value": 0}, {"name": 4, "value": 0}, {"name": 5, "value": 0}, {"name": 6, "value": 0}, {"name": 7, "value": 0}]}}, "9": {"inp": [-1, 0, -2], "icnt": {"power": [{"name": 1, "value": 0}, {"name": 2, "value": 0}, {"name": 3, "value": 0}, {"name": 4, "value": 0}, {"name": 5, "value": 0}, {"name": 6, "value": 0}, {"name": 7, "value": 0}]}}, "10": {"inp": [0, 0, -2], "icnt": {"power": [{"name": 1, "value": 0}, {"name": 2, "value": 0}, {"name": 3, "value": 0}, {"name": 4, "value": 0}, {"name": 5, "value": 0}, {"name": 6, "value": 0}, {"name": 7, "value": 0}]}}, "11": {"inp": [1, -2, 0], "icnt": {"power": [{"name": 1, "value": 0}, {"name": 2, "value": 0}, {"name": 3, "value": 0}, {"name": 4, "value": 0}, {"name": 5, "value": 0}, {"name": 6, "value": 0}, {"name": 7, "value": 0}]}}, "12": {"inp": [1, 0, -2], "icnt": {"power": [{"name": 1, "value": 0}, {"name": 2, "value": 0}, {"name": 3, "value": 0}, {"name": 4, "value": 0}, {"name": 5, "value": 0}, {"name": 6, "value": 0}, {"name": 7, "value": 0}]}}, "13": {"inp": [2, 0, -2], "icnt": {"power": [{"name": 1, "value": 0}, {"name": 2, "value": 0}, {"name": 3, "value": 0}, {"name": 4, "value": 0}, {"name": 5, "value": 0}, {"name": 6, "value": 0}, {"name": 7, "value": 0}]}}, "14": {"inp": [2, 2, -2], "icnt": {"power": [{"name": 1, "value": 0}, {"name": 2, "value": 0}, {"name": 3, "value": 0}, {"name": 4, "value": 0}, {"name": 5, "value": 0}, {"name": 6, "value": 0}, {"name": 7, "value": 0}]}}, "15": {"inp": [-3, -1, -2], "icnt": {"power": [{"name": 1, "value": 0}, {"name": 2, "value": 0}, {"name": 3, "value": 0}, {"name": 4, "value": 0}, {"name": 5, "value": 0}, {"name": 6, "value": 0}, {"name": 7, "value": 0}]}}, "16": {"inp": [-3, 0, -1], "icnt": {"power": [{"name": 1, "value": 0}, {"name": 2, "value": 0}, {"name": 3, "value": 0}, {"name": 4, "value": 0}, {"name": 5, "value": 0}, {"name": 6, "value": 0}, {"name": 7, "value": 0}]}}, "17": {"inp": [-2, 0, -1], "icnt": {"power": [{"name": 1, "value": 0}, {"name": 2, "value": 0}, {"name": 3, "value": 0}, {"name": 4, "value": 0}, {"name": 5, "value": 0}, {"name": 6, "value": 0}, {"name": 7, "value": 0}]}}, "18": {"inp": [0, 0, -1], "icnt": {"power": [{"name": 1, "value": 0}, {"name": 2, "value": 0}, {"name": 3, "value": 0}, {"name": 4, "value": 0}, {"name": 5, "value": 0}, {"name": 6, "value": 0}, {"name": 7, "value": 0}]}}, "19": {"inp": [1, -1, 0], "icnt": {"power": [{"name": 1, "value": 0}, {"name": 2, "value": 0}, {"name": 3, "value": 0}, {"name": 4, "value": 0}, {"name": 5, "value": 0}, {"name": 6, "value": 0}, {"name": 7, "value": 0}]}}, "20": {"inp": [1, 0, -1], "icnt": {"power": [{"name": 1, "value": 0}, {"name": 2, "value": 0}, {"name": 3, "value": 0}, {"name": 4, "value": 0}, {"name": 5, "value": 0}, {"name": 6, "value": 0}, {"name": 7, "value": 0}]}}, "21": {"inp": [-1, 2, 0], "icnt": {"power": [{"name": 1, "value": 0}, {"name": 2, "value": 0}, {"name": 3, "value": 0}, {"name": 4, "value": 0}, {"name": 5, "value": 0}, {"name": 6, "value": 0}, {"name": 7, "value": 0}]}}, "22": {"inp": [2, 0, -1], "icnt": {"power": [{"name": 1, "value": 0}, {"name": 2, "value": 0}, {"name": 3, "value": 0}, {"name": 4, "value": 0}, {"name": 5, "value": 0}, {"name": 6, "value": 0}, {"name": 7, "value": 0}]}}, "23": {"inp": [-1, 0, 2], "icnt": {"power": [{"name": 1, "value": 0}, {"name": 2, "value": 0}, {"name": 3, "value": 0}, {"name": 4, "value": 0}, {"name": 5, "value": 0}, {"name": 6, "value": 0}, {"name": 7, "value": 0}]}}, "24": {"inp": [1, -1, 2], "icnt": {"power": [{"name": 1, "value": 0}, {"name": 2, "value": 0}, {"name": 3, "value": 0}, {"name": 4, "value": 0}, {"name": 5, "value": 0}, {"name": 6, "value": 0}, {"name": 7, "value": 0}]}}, "25": {"inp": [1, 2, -1], "icnt": {"power": [{"name": 1, "value": 0}, {"name": 2, "value": 0}, {"name": 3, "value": 0}, {"name": 4, "value": 0}, {"name": 5, "value": 0}, {"name": 6, "value": 0}, {"name": 7, "value": 0}]}}, "26": {"inp": [-3, 0, 0], "icnt": {"power": [{"name": 1, "value": 0}, {"name": 2, "value": 0}, {"name": 3, "value": 0}, {"name": 4, "value": 0}, {"name": 5, "value": 0}, {"name": 6, "value": 0}, {"name": 7, "value": 0}]}}, "27": {"inp": [-2, 0, 0], "icnt": {"power": [{"name": 1, "value": 0}, {"name": 2, "value": 0}, {"name": 3, "value": 0}, {"name": 4, "value": 0}, {"name": 5, "value": 0}, {"name": 6, "value": 0}, {"name": 7, "value": 0}]}}, "28": {"inp": [-1, 0, 0], "icnt": {"power": [{"name": 1, "value": 0}, {"name": 2, "value": 0}, {"name": 3, "value": 0}, {"name": 4, "value": 0}, {"name": 5, "value": 0}, {"name": 6, "value": 0}, {"name": 7, "value": 0}]}}, "29": {"inp": [1, 0, 0], "icnt": {"power": [{"name": 1, "value": 0}, {"name": 2, "value": 0}, {"name": 3, "value": 0}, {"name": 4, "value": 0}, {"name": 5, "value": 0}, {"name": 6, "value": 0}, {"name": 7, "value": 0}]}}, "30": {"inp": [2, 0, 0], "icnt": {"power": [{"name": 1, "value": 0}, {"name": 2, "value": 0}, {"name": 3, "value": 0}, {"name": 4, "value": 0}, {"name": 5, "value": 0}, {"name": 6, "value": 0}, {"name": 7, "value": 0}]}}, "31": {"inp": [0, 2, 1], "icnt": {"power": [{"name": 1, "value": 0}, {"name": 2, "value": 0}, {"name": 3, "value": 0}, {"name": 4, "value": 0}, {"name": 5, "value": 0}, {"name": 6, "value": 0}, {"name": 7, "value": 0}]}}, "32": {"inp": [0, 1, 2], "icnt": {"power": [{"name": 1, "value": 0}, {"name": 2, "value": 0}, {"name": 3, "value": 0}, {"name": 4, "value": 0}, {"name": 5, "value": 0}, {"name": 6, "value": 0}, {"name": 7, "value": 0}]}}, "33": {"inp": [1, -2, -3], "icnt": {"power": [{"name": 1, "value": 0}, {"name": 2, "value": 0}, {"name": 3, "value": 0}, {"name": 4, "value": 0}, {"name": 5, "value": 0}, {"name": 6, "value": 0}, {"name": 7, "value": 0}]}}, "34": {"inp": [1, -1, -3], "icnt": {"power": [{"name": 1, "value": 0}, {"name": 2, "value": 0}, {"name": 3, "value": 0}, {"name": 4, "value": 0}, {"name": 5, "value": 0}, {"name": 6, "value": 0}, {"name": 7, "value": 0}]}}, "35": {"inp": [-3, 0, 1], "icnt": {"power": [{"name": 1, "value": 0}, {"name": 2, "value": 0}, {"name": 3, "value": 0}, {"name": 4, "value": 0}, {"name": 5, "value": 0}, {"name": 6, "value": 0}, {"name": 7, "value": 0}]}}, "36": {"inp": [1, 1, -3], "icnt": {"power": [{"name": 1, "value": 0}, {"name": 2, "value": 0}, {"name": 3, "value": 0}, {"name": 4, "value": 0}, {"name": 5, "value": 0}, {"name": 6, "value": 0}, {"name": 7, "value": 0}]}}, "37": {"inp": [1, 2, -3], "icnt": {"power": [{"name": 1, "value": 0}, {"name": 2, "value": 0}, {"name": 3, "value": 0}, {"name": 4, "value": 0}, {"name": 5, "value": 0}, {"name": 6, "value": 0}, {"name": 7, "value": 0}]}}, "38": {"inp": [1, -3, -2], "icnt": {"power": [{"name": 1, "value": 0}, {"name": 2, "value": 0}, {"name": 3, "value": 0}, {"name": 4, "value": 0}, {"name": 5, "value": 0}, {"name": 6, "value": 0}, {"name": 7, "value": 0}]}}, "39": {"inp": [1, -1, -2], "icnt": {"power": [{"name": 1, "value": 0}, {"name": 2, "value": 0}, {"name": 3, "value": 0}, {"name": 4, "value": 0}, {"name": 5, "value": 0}, {"name": 6, "value": 0}, {"name": 7, "value": 0}]}}, "40": {"inp": [-2, 0, 1], "icnt": {"power": [{"name": 1, "value": 0}, {"name": 2, "value": 0}, {"name": 3, "value": 0}, {"name": 4, "value": 0}, {"name": 5, "value": 0}, {"name": 6, "value": 0}, {"name": 7, "value": 0}]}}, "41": {"inp": [1, 1, -2], "icnt": {"power": [{"name": 1, "value": 0}, {"name": 2, "value": 0}, {"name": 3, "value": 0}, {"name": 4, "value": 0}, {"name": 5, "value": 0}, {"name": 6, "value": 0}, {"name": 7, "value": 0}]}}, "42": {"inp": [1, 2, -2], "icnt": {"power": [{"name": 1, "value": 0}, {"name": 2, "value": 0}, {"name": 3, "value": 0}, {"name": 4, "value": 0}, {"name": 5, "value": 0}, {"name": 6, "value": 0}, {"name": 7, "value": 0}]}}, "43": {"inp": [1, -3, -1], "icnt": {"power": [{"name": 1, "value": 0}, {"name": 2, "value": 0}, {"name": 3, "value": 0}, {"name": 4, "value": 0}, {"name": 5, "value": 0}, {"name": 6, "value": 0}, {"name": 7, "value": 0}]}}, "44": {"inp": [1, -2, -1], "icnt": {"power": [{"name": 1, "value": 0}, {"name": 2, "value": 0}, {"name": 3, "value": 0}, {"name": 4, "value": 0}, {"name": 5, "value": 0}, {"name": 6, "value": 0}, {"name": 7, "value": 0}]}}, "45": {"inp": [-1, 0, 1], "icnt": {"power": [{"name": 1, "value": 0}, {"name": 2, "value": 0}, {"name": 3, "value": 0}, {"name": 4, "value": 0}, {"name": 5, "value": 0}, {"name": 6, "value": 0}, {"name": 7, "value": 0}]}}, "46": {"inp": [1, 1, -1], "icnt": {"power": [{"name": 1, "value": 0}, {"name": 2, "value": 0}, {"name": 3, "value": 0}, {"name": 4, "value": 0}, {"name": 5, "value": 0}, {"name": 6, "value": 0}, {"name": 7, "value": 0}]}}, "47": {"inp": [-1, 2, 1], "icnt": {"power": [{"name": 1, "value": 0}, {"name": 2, "value": 0}, {"name": 3, "value": 0}, {"name": 4, "value": 0}, {"name": 5, "value": 0}, {"name": 6, "value": 0}, {"name": 7, "value": 0}]}}, "48": {"inp": [0, 0, 1], "icnt": {"power": [{"name": 1, "value": 0}, {"name": 2, "value": 0}, {"name": 3, "value": 0}, {"name": 4, "value": 0}, {"name": 5, "value": 0}, {"name": 6, "value": 0}, {"name": 7, "value": 0}]}}, "49": {"inp": [1, 1, 0], "icnt": {"power": [{"name": 1, "value": 0}, {"name": 2, "value": 0}, {"name": 3, "value": 0}, {"name": 4, "value": 0}, {"name": 5, "value": 0}, {"name": 6, "value": 0}, {"name": 7, "value": 0}]}}, "50": {"inp": [1, 2, 0], "icnt": {"power": [{"name": 1, "value": 0}, {"name": 2, "value": 0}, {"name": 3, "value": 0}, {"name": 4, "value": 0}, {"name": 5, "value": 0}, {"name": 6, "value": 0}, {"name": 7, "value": 0}]}}, "51": {"inp": [2, 0, 1], "icnt": {"power": [{"name": 1, "value": 0}, {"name": 2, "value": 0}, {"name": 3, "value": 0}, {"name": 4, "value": 0}, {"name": 5, "value": 0}, {"name": 6, "value": 0}, {"name": 7, "value": 0}]}}, "52": {"inp": [1, -3, 1], "icnt": {"power": [{"name": 1, "value": 0}, {"name": 2, "value": 0}, {"name": 3, "value": 0}, {"name": 4, "value": 0}, {"name": 5, "value": 0}, {"name": 6, "value": 0}, {"name": 7, "value": 0}]}}, "53": {"inp": [1, -2, 1], "icnt": {"power": [{"name": 1, "value": 0}, {"name": 2, "value": 0}, {"name": 3, "value": 0}, {"name": 4, "value": 0}, {"name": 5, "value": 0}, {"name": 6, "value": 0}, {"name": 7, "value": 0}]}}, "54": {"inp": [1, -1, 1], "icnt": {"power": [{"name": 1, "value": 0}, {"name": 2, "value": 0}, {"name": 3, "value": 0}, {"name": 4, "value": 0}, {"name": 5, "value": 0}, {"name": 6, "value": 0}, {"name": 7, "value": 0}]}}, "55": {"inp": [1, 0, 1], "icnt": {"power": [{"name": 1, "value": 0}, {"name": 2, "value": 0}, {"name": 3, "value": 0}, {"name": 4, "value": 0}, {"name": 5, "value": 0}, {"name": 6, "value": 0}, {"name": 7, "value": 0}]}}, "56": {"inp": [1, 2, 1], "icnt": {"power": [{"name": 1, "value": 0}, {"name": 2, "value": 0}, {"name": 3, "value": 0}, {"name": 4, "value": 0}, {"name": 5, "value": 0}, {"name": 6, "value": 0}, {"name": 7, "value": 0}]}}, "57": {"inp": [1, -3, 2], "icnt": {"power": [{"name": 1, "value": 0}, {"name": 2, "value": 0}, {"name": 3, "value": 0}, {"name": 4, "value": 0}, {"name": 5, "value": 0}, {"name": 6, "value": 0}, {"name": 7, "value": 0}]}}, "58": {"inp": [1, -2, 2], "icnt": {"power": [{"name": 1, "value": 0}, {"name": 2, "value": 0}, {"name": 3, "value": 0}, {"name": 4, "value": 0}, {"name": 5, "value": 0}, {"name": 6, "value": 0}, {"name": 7, "value": 0}]}}, "59": {"inp": [1, 0, 2], "icnt": {"power": [{"name": 1, "value": 0}, {"name": 2, "value": 0}, {"name": 3, "value": 0}, {"name": 4, "value": 0}, {"name": 5, "value": 0}, {"name": 6, "value": 0}, {"name": 7, "value": 0}]}}, "60": {"inp": [1, 1, 2], "icnt": {"power": [{"name": 1, "value": 0}, {"name": 2, "value": 0}, {"name": 3, "value": 0}, {"name": 4, "value": 0}, {"name": 5, "value": 0}, {"name": 6, "value": 0}, {"name": 7, "value": 0}]}}, "61": {"inp": [-3, 0, 2], "icnt": {"power": [{"name": 1, "value": 0}, {"name": 2, "value": 0}, {"name": 3, "value": 0}, {"name": 4, "value": 0}, {"name": 5, "value": 0}, {"name": 6, "value": 0}, {"name": 7, "value": 0}]}}, "62": {"inp": [-2, 0, 2], "icnt": {"power": [{"name": 1, "value": 0}, {"name": 2, "value": 0}, {"name": 3, "value": 0}, {"name": 4, "value": 0}, {"name": 5, "value": 0}, {"name": 6, "value": 0}, {"name": 7, "value": 0}]}}, "63": {"inp": [0, 0, 2], "icnt": {"power": [{"name": 1, "value": 0}, {"name": 2, "value": 0}, {"name": 3, "value": 0}, {"name": 4, "value": 0}, {"name": 5, "value": 0}, {"name": 6, "value": 0}, {"name": 7, "value": 0}]}}, "64": {"inp": [-2, 2, 2], "icnt": {"power": [{"name": 1, "value": 0}, {"name": 2, "value": 0}, {"name": 3, "value": 0}, {"name": 4, "value": 0}, {"name": 5, "value": 0}, {"name": 6, "value": 0}, {"name": 7, "value": 0}]}}}, "failed": {"1": {"inp": [-3, -2, -3], "icnt": {"power": [{"name": 1, "value": 0}, {"name": 2, "value": 0}, {"name": 3, "value": 0}, {"name": 4, "value": 0}, {"name": 5, "value": 0}, {"name": 6, "value": 0}, {"name": 7, "value": 0}]}}, "2": {"inp": [-2, -3, -3], "icnt": {"power": [{"name": 1, "value": 0}, {"name": 2, "value": 0}, {"name": 3, "value": 0}, {"name": 4, "value": 0}, {"name": 5, "value": 0}, {"name": 6, "value": 0}, {"name": 7, "value": 0}]}}, "3": {"inp": [-3, -1, -3], "icnt": {"power": [{"name": 1, "value": 0}, {"name": 2, "value": 0}, {"name": 3, "value": 0}, {"name": 4, "value": 0}, {"name": 5, "value": 0}, {"name": 6, "value": 0}, {"name": 7, "value": 0}]}}, "4": {"inp": [-1, -3, -3], "icnt": {"power": [{"name": 1, "value": 0}, {"name": 2, "value": 0}, {"name": 3, "value": 0}, {"name": 4, "value": 0}, {"name": 5, "value": 0}, {"name": 6, "value": 0}, {"name": 7, "value": 0}]}}, "5": {"inp": [-3, 0, -3], "icnt": {"power": [{"name": 1, "value": 0}, {"name": 2, "value": 0}, {"name": 3, "value": 0}, {"name": 4, "value": 0}, {"name": 5, "value": 0}, {"name": 6, "value": 0}, {"name": 7, "value": 0}]}}, "6": {"inp": [0, -3, -3], "icnt": {"power": [{"name": 1, "value": 0}, {"name": 2, "value": 0}, {"name": 3, "value": 0}, {"name": 4, "value": 0}, {"name": 5, "value": 0}, {"name": 6, "value": 0}, {"name": 7, "value": 0}]}}, "7": {"inp": [-3, 1, -3], "icnt": {"power": [{"name": 1, "value": 0}, {"name": 2, "value": 0}, {"name": 3, "value": 0}, {"name": 4, "value": 0}, {"name": 5, "value": 0}, {"name": 6, "value": 0}, {"name": 7, "value": 0}]}}, "8": {"inp": [1, -3, -3], "icnt": {"power": [{"name": 1, "value": 0}, {"name": 2, "value": 0}, {"name": 3, "value": 0}, {"name": 4, "value": 0}, {"name": 5, "value": 0}, {"name": 6, "value": 0}, {"name": 7, "value": 0}]}}, "9": {"inp": [-3, 2, -3], "icnt": {"power": [{"name": 1, "value": 0}, {"name": 2, "value": 0}, {"name": 3, "value": 0}, {"name": 4, "value": 0}, {"name": 5, "value": 0}, {"name": 6, "value": 0}, {"name": 7, "value": 0}]}}, "10": {"inp": [2, -3, -3], "icnt": {"power": [{"name": 1, "value": 0}, {"name": 2, "value": 0}, {"name": 3, "value": 0}, {"name": 4, "value": 0}, {"name": 5, "value": 0}, {"name": 6, "value": 0}, {"name": 7, "value": 0}]}}, "11": {"inp": [-3, -3, -2], "icnt": {"power": [{"name": 1, "value": 0}, {"name": 2, "value": 0}, {"name": 3, "value": 0}, {"name": 4, "value": 0}, {"name": 5, "value": 0}, {"name": 6, "value": 0}, {"name": 7, "value": 0}]}}, "12": {"inp": [-2, -3, -2], "icnt": {"power": [{"name": 1, "value": 0}, {"name": 2, "value": 0}, {"name": 3, "value": 0}, {"name": 4, "value": 0}, {"name": 5, "value": 0}, {"name": 6, "value": 0}, {"name": 7, "value": 0}]}}, "13": {"inp": [-2, -2, -3], "icnt": {"power": [{"name": 1, "value": 0}, {"name": 2, "value": 0}, {"name": 3, "value": 0}, {"name": 4, "value": 0}, {"name": 5, "value": 0}, {"name": 6, "value": 0}, {"name": 7, "value": 0}]}}, "14": {"inp": [-3, -1, -2], "icnt": {"power": [{"name": 1, "value": 0}, {"name": 2, "value": 0}, {"name": 3, "value": 0}, {"name": 4, "value": 0}, {"name": 5, "value": 0}, {"name": 6, "value": 0}, {"name": 7, "value": 0}]}}, "15": {"inp": [-2, -3, -1], "icnt": {"power": [{"name": 1, "value": 0}, {"name": 2, "value": 0}, {"name": 3, "value": 0}, {"name": 4, "value": 0}, {"name": 5, "value": 0}, {"name": 6, "value": 0}, {"name": 7, "value": 0}]}}, "16": {"inp": [-2, -1, -3], "icnt": {"power": [{"name": 1, "value": 0}, {"name": 2, "value": 0}, {"name": 3, "value": 0}, {"name": 4, "value": 0}, {"name": 5, "value": 0}, {"name": 6, "value": 0}, {"name": 7, "value": 0}]}}, "17": {"inp": [-1, -3, -2], "icnt": {"power": [{"name": 1, "value": 0}, {"name": 2, "value": 0}, {"name": 3, "value": 0}, {"name": 4, "value": 0}, {"name": 5, "value": 0}, {"name": 6, "value": 0}, {"name": 7, "value": 0}]}}, "18": {"inp": [-1, -2, -3], "icnt": {"power": [{"name": 1, "value": 0}, {"name": 2, "value": 0}, {"name": 3, "value": 0}, {"name": 4, "value": 0}, {"name": 5, "value": 0}, {"name": 6, "value": 0}, {"name": 7, "value": 0}]}}, "19": {"inp": [-3, 0, -2], "icnt": {"power": [{"name": 1, "value": 0}, {"name": 2, "value": 0}, {"name": 3, "value": 0}, {"name": 4, "value": 0}, {"name": 5, "value": 0}, {"name": 6, "value": 0}, {"name": 7, "value": 0}]}}, "20": {"inp": [-2, -3, 0], "icnt": {"power": [{"name": 1, "value": 0}, {"name": 2, "value": 0}, {"name": 3, "value": 0}, {"name": 4, "value": 0}, {"name": 5, "value": 0}, {"name": 6, "value": 0}, {"name": 7, "value": 0}]}}, "21": {"inp": [-2, 0, -3], "icnt": {"power": [{"name": 1, "value": 0}, {"name": 2, "value": 0}, {"name": 3, "value": 0}, {"name": 4, "value": 0}, {"name": 5, "value": 0}, {"name": 6, "value": 0}, {"name": 7, "value": 0}]}}, "22": {"inp": [0, -3, -2], "icnt": {"power": [{"name": 1, "value": 0}, {"name": 2, "value": 0}, {"name": 3, "value": 0}, {"name": 4, "value": 0}, {"name": 5, "value": 0}, {"name": 6, "value": 0}, {"name": 7, "value": 0}]}}, "23": {"inp": [0, -2, -3], "icnt": {"power": [{"name": 1, "value": 0}, {"name": 2, "value": 0}, {"name": 3, "value": 0}, {"name": 4, "value": 0}, {"name": 5, "value": 0}, {"name": 6, "value": 0}, {"name": 7, "value": 0}]}}, "24": {"inp": [-3, 1, -2], "icnt": {"power": [{"name": 1, "value": 0}, {"name": 2, "value": 0}, {"name": 3, "value": 0}, {"name": 4, "value": 0}, {"name": 5, "value": 0}, {"name": 6, "value": 0}, {"name": 7, "value": 0}]}}, "25": {"inp": [-2, -3, 1], "icnt": {"power": [{"name": 1, "value": 0}, {"name": 2, "value": 0}, {"name": 3, "value": 0}, {"name": 4, "value": 0}, {"name": 5, "value": 0}, {"name": 6, "value": 0}, {"name": 7, "value": 0}]}}, "26": {"inp": [-2, 1, -3], "icnt": {"power": [{"name": 1, "value": 0}, {"name": 2, "value": 0}, {"name": 3, "value": 0}, {"name": 4, "value": 0}, {"name": 5, "value": 0}, {"name": 6, "value": 0}, {"name": 7, "value": 0}]}}, "27": {"inp": [1, -3, -2], "icnt": {"power": [{"name": 1, "value": 0}, {"name": 2, "value": 0}, {"name": 3, "value": 0}, {"name": 4, "value": 0}, {"name": 5, "value": 0}, {"name": 6, "value": 0}, {"name": 7, "value": 0}]}}, "28": {"inp": [1, -2, -3], "icnt": {"power": [{"name": 1, "value": 0}, {"name": 2, "value": 0}, {"name": 3, "value": 0}, {"name": 4, "value": 0}, {"name": 5, "value": 0}, {"name": 6, "value": 0}, {"name": 7, "value": 0}]}}, "29": {"inp": [-3, 2, -2], "icnt": {"power": [{"name": 1, "value": 0}, {"name": 2, "value": 0}, {"name": 3, "value": 0}, {"name": 4, "value": 0}, {"name": 5, "value": 0}, {"name": 6, "value": 0}, {"name": 7, "value": 0}]}}, "30": {"inp": [-2, -3, 2], "icnt": {"power": [{"name": 1, "value": 0}, {"name": 2, "value": 0}, {"name": 3, "value": 0}, {"name": 4, "value": 0}, {"name": 5, "value": 0}, {"name": 6, "value": 0}, {"name": 7, "value": 0}]}}, "31": {"inp": [-2, 2, -3], "icnt": {"power": [{"name": 1, "value": 0}, {"name": 2, "value": 0}, {"name": 3, "value": 0}, {"name": 4, "value": 0}, {"name": 5, "value": 0}, {"name": 6, "value": 0}, {"name": 7, "value": 0}]}}, "32": {"inp": [2, -3, -2], "icnt": {"power": [{"name": 1, "value": 0}, {"name": 2, "value": 0}, {"name": 3, "value": 0}, {"name": 4, "value": 0}, {"name": 5, "value": 0}, {"name": 6, "value": 0}, {"name": 7, "value": 0}]}}, "33": {"inp": [2, -2, -3], "icnt": {"power": [{"name": 1, "value": 0}, {"name": 2, "value": 0}, {"name": 3, "value": 0}, {"name": 4, "value": 0}, {"name": 5, "value": 0}, {"name": 6, "value": 0}, {"name": 7, "value": 0}]}}, "34": {"inp": [-3, -3, -1], "icnt": {"power": [{"name": 1, "value": 0}, {"name": 2, "value": 0}, {"name": 3, "value": 0}, {"name": 4, "value": 0}, {"name": 5, "value": 0}, {"name": 6, "value": 0}, {"name": 7, "value": 0}]}}, "35": {"inp": [-3, -2, -1], "icnt": {"power": [{"name": 1, "value": 0}, {"name": 2, "value": 0}, {"name": 3, "value": 0}, {"name": 4, "value": 0}, {"name": 5, "value": 0}, {"name": 6, "value": 0}, {"name": 7, "value": 0}]}}, "36": {"inp": [-1, -3, -1], "icnt": {"power": [{"name": 1, "value": 0}, {"name": 2, "value": 0}, {"name": 3, "value": 0}, {"name": 4, "value": 0}, {"name": 5, "value": 0}, {"name": 6, "value": 0}, {"name": 7, "value": 0}]}}, "37": {"inp": [-1, -1, -3], "icnt": {"power": [{"name": 1, "value": 0}, {"name": 2, "value": 0}, {"name": 3, "value": 0}, {"name": 4, "value": 0}, {"name": 5, "value": 0}, {"name": 6, "value": 0}, {"name": 7, "value": 0}]}}, "38": {"inp": [-3, 0, -1], "icnt": {"power": [{"name": 1, "value": 0}, {"name": 2, "value": 0}, {"name": 3, "value": 0}, {"name": 4, "value": 0}, {"name": 5, "value": 0}, {"name": 6, "value": 0}, {"name": 7, "value": 0}]}}, "39": {"inp": [-1, -3, 0], "icnt": {"power": [{"name": 1, "value": 0}, {"name": 2, "value": 0}, {"name": 3, "value": 0}, {"name": 4, "value": 0}, {"name": 5, "value": 0}, {"name": 6, "value": 0}, {"name": 7, "value": 0}]}}, "40": {"inp": [-1, 0, -3], "icnt": {"power": [{"name": 1, "value": 0}, {"name": 2, "value": 0}, {"name": 3, "value": 0}, {"name": 4, "value": 0}, {"name": 5, "value": 0}, {"name": 6, "value": 0}, {"name": 7, "value": 0}]}}, "41": {"inp": [0, -3, -1], "icnt": {"power": [{"name": 1, "value": 0}, {"name": 2, "value": 0}, {"name": 3, "value": 0}, {"name": 4, "value": 0}, {"name": 5, "value": 0}, {"name": 6, "value": 0}, {"name": 7, "value": 0}]}}, "42": {"inp": [0, -1, -3], "icnt": {"power": [{"name": 1, "value": 0}, {"name": 2, "value": 0}, {"name": 3, "value": 0}, {"name": 4, "value": 0}, {"name": 5, "value": 0}, {"name": 6, "value": 0}, {"name": 7, "value": 0}]}}, "43": {"inp": [-3, 1, -1], "icnt": {"power": [{"name": 1, "value": 0}, {"name": 2, "value": 0}, {"name": 3, "value": 0}, {"name": 4, "value": 0}, {"name": 5, "value": 0}, {"name": 6, "value": 0}, {"name": 7, "value": 0}]}}, "44": {"inp": [-1, -3, 1], "icnt": {"power": [{"name": 1, "value": 0}, {"name": 2, "value": 0}, {"name": 3, "value": 0}, {"name": 4, "value": 0}, {"name": 5, "value": 0}, {"name": 6, "value": 0}, {"name": 7, "value": 0}]}}, "45": {"inp": [-1, 1, -3], "icnt": {"power": [{"name": 1, "value": 0}, {"name": 2, "value": 0}, {"name": 3, "value": 0}, {"name": 4, "value": 0}, {"name": 5, "value": 0}, {"name": 6, "value": 0}, {"name": 7, "value": 0}]}}, "46": {"inp": [1, -3, -1], "icnt": {"power": [{"name": 1, "value": 0}, {"name": 2, "value": 0}, {"name": 3, "value": 0}, {"name": 4, "value": 0}, {"name": 5, "value": 0}, {"name": 6, "value": 0}, {"name": 7, "value": 0}]}}, "47": {"inp": [1, -1, -3], "icnt": {"power": [{"name": 1, "value": 0}, {"name": 2, "value": 0}, {"name": 3, "value": 0}, {"name": 4, "value": 0}, {"name": 5, "value": 0}, {"name": 6, "value": 0}, {"name": 7, "value": 0}]}}, "48": {"inp": [-3, 2, -1], "icnt": {"power": [{"name": 1, "value": 0}, {"name": 2, "value": 0}, {"name": 3, "value": 0}, {"name": 4, "value": 0}, {"name": 5, "value": 0}, {"name": 6, "value": 0}, {"name": 7, "value": 0}]}}, "49": {"inp": [-1, -3, 2], "icnt": {"power": [{"name": 1, "value": 0}, {"name": 2, "value": 0}, {"name": 3, "value": 0}, {"name": 4, "value": 0}, {"name": 5, "value": 0}, {"name": 6, "value": 0}, {"name": 7, "value": 0}]}}, "50": {"inp": [-1, 2, -3], "icnt": {"power": [{"name": 1, "value": 0}, {"name": 2, "value": 0}, {"name": 3, "value": 0}, {"name": 4, "value": 0}, {"name": 5, "value": 0}, {"name": 6, "value": 0}, {"name": 7, "value": 0}]}}, "51": {"inp": [2, -3, -1], "icnt": {"power": [{"name": 1, "value": 0}, {"name": 2, "value": 0}, {"name": 3, "value": 0}, {"name": 4, "value": 0}, {"name": 5, "value": 0}, {"name": 6, "value": 0}, {"name": 7, "value": 0}]}}, "52": {"inp": [2, -1, -3], "icnt": {"power": [{"name": 1, "value": 0}, {"name": 2, "value": 0}, {"name": 3, "value": 0}, {"name": 4, "value": 0}, {"name": 5, "value": 0}, {"name": 6, "value": 0}, {"name": 7, "value": 0}]}}, "53": {"inp": [-3, -3, 0], "icnt": {"power": [{"name": 1, "value": 0}, {"name": 2, "value": 0}, {"name": 3, "value": 0}, {"name": 4, "value": 0}, {"name": 5, "value": 0}, {"name": 6, "value": 0}, {"name": 7, "value": 0}]}}, "54": {"inp": [-3, -2, 0], "icnt": {"power": [{"name": 1, "value": 0}, {"name": 2, "value": 0}, {"name": 3, "value": 0}, {"name": 4, "value": 0}, {"name": 5, "value": 0}, {"name": 6, "value": 0}, {"name": 7, "value": 0}]}}, "55": {"inp": [-3, -1, 0], "icnt": {"power": [{"name": 1, "value": 0}, {"name": 2, "value": 0}, {"name": 3, "value": 0}, {"name": 4, "value": 0}, {"name": 5, "value": 0}, {"name": 6, "value": 0}, {"name": 7, "value": 0}]}}, "56": {"inp": [0, -3, 0], "icnt": {"power": [{"name": 1, "value": 0}, {"name": 2, "value": 0}, {"name": 3, "value": 0}, {"name": 4, "value": 0}, {"name": 5, "value": 0}, {"name": 6, "value": 0}, {"name": 7, "value": 0}]}}, "57": {"inp": [-3, 1, 0], "icnt": {"power": [{"name": 1, "value": 0}, {"name": 2, "value": 0}, {"name": 3, "value": 0}, {"name": 4, "value": 0}, {"name": 5, "value": 0}, {"name": 6, "value": 0}, {"name": 7, "value": 0}]}}, "58": {"inp": [0, -3, 1], "icnt": {"power": [{"name": 1, "value": 0}, {"name": 2, "value": 0}, {"name": 3, "value": 0}, {"name": 4, "value": 0}, {"name": 5, "value": 0}, {"name": 6, "value": 0}, {"name": 7, "value": 0}]}}, "59": {"inp": [0, 1, -3], "icnt": {"power": [{"name": 1, "value": 0}, {"name": 2, "value": 0}, {"name": 3, "value": 0}, {"name": 4, "value": 0}, {"name": 5, "value": 0}, {"name": 6, "value": 0}, {"name": 7, "value": 0}]}}, "60": {"inp": [-3, 2, 0], "icnt": {"power": [{"name": 1, "value": 0}, {"name": 2, "value": 0}, {"name": 3, "value": 0}, {"name": 4, "value": 0}, {"name": 5, "value": 0}, {"name": 6, "value": 0}, {"name": 7, "value": 0}]}}, "61": {"inp": [0, -3, 2], "icnt": {"power": [{"name": 1, "value": 0}, {"name": 2, "value": 0}, {"name": 3, "value": 0}, {"name": 4, "value": 0}, {"name": 5, "value": 0}, {"name": 6, "value": 0}, {"name": 7, "value": 0}]}}, "62": {"inp": [0, 2, -3], "icnt": {"power": [{"name": 1, "value": 0}, {"name": 2, "value": 0}, {"name": 3, "value": 0}, {"name": 4, "value": 0}, {"name": 5, "value": 0}, {"name": 6, "value": 0}, {"name": 7, "value": 0}]}}, "63": {"inp": [2, -3, 0], "icnt": {"power": [{"name": 1, "value": 0}, {"name": 2, "value": 0}, {"name": 3, "value": 0}, {"name": 4, "value": 0}, {"name": 5, "value": 0}, {"name": 6, "value": 0}, {"name": 7, "value": 0}]}}, "64": {"inp": [-3, -3, 1], "icnt": {"power": [{"name": 1, "value": 0}, {"name": 2, "value": 0}, {"name": 3, "value": 0}, {"name": 4, "value": 0}, {"name": 5, "value": 0}, {"name": 6, "value": 0}, {"name": 7, "value": 0}]}}}}