{"power": [], "power.power": [], "math": [], "power.math": ["math"], "decimal.*": [], "power.power.<RETURN>": ["power.power.result"], "power.power.u": [], "power.power.v": [], "power.power.uMinusOne": ["power.power.u"], "power.power.numerator": ["power.power.uMinusOne", "power.power.numerator"], "power.power.lnTerm": ["power.power.uMinusOne", "power.power.numerator"], "power.power.result": ["power.power.uMinusOne"], "power.power.lista": ["power.power.<list1>"], "power.power.i": [], "power.power.<list1>": [], "power.power.<list1>.<int0>": [], "power.power.<list1>.<int1>": [], "math.exp": []}