{"passed": {"1": {"inp": [3, 1, 2021], "icnt": {"get_next_date": [{"name": 1, "value": 0}, {"name": 2, "value": 0}, {"name": 3, "value": 0}, {"name": 4, "value": 0}, {"name": 5, "value": 0}, {"name": 6, "value": 0}, {"name": 7, "value": 0}, {"name": 8, "value": 0}, {"name": 9, "value": 0}, {"name": 10, "value": 0}, {"name": 11, "value": 0}, {"name": 12, "value": 0}, {"name": 13, "value": 0}, {"name": 14, "value": 0}, {"name": 15, "value": 0}, {"name": 16, "value": 0}, {"name": 17, "value": 0}]}}, "2": {"inp": [12, 3, 2021], "icnt": {"get_next_date": [{"name": 1, "value": 0}, {"name": 2, "value": 0}, {"name": 3, "value": 0}, {"name": 4, "value": 0}, {"name": 5, "value": 0}, {"name": 6, "value": 0}, {"name": 7, "value": 0}, {"name": 8, "value": 0}, {"name": 9, "value": 0}, {"name": 10, "value": 0}, {"name": 11, "value": 0}, {"name": 12, "value": 0}, {"name": 13, "value": 0}, {"name": 14, "value": 0}, {"name": 15, "value": 0}, {"name": 16, "value": 0}, {"name": 17, "value": 0}]}}, "3": {"inp": [27, 4, 2021], "icnt": {"get_next_date": [{"name": 1, "value": 0}, {"name": 2, "value": 0}, {"name": 3, "value": 0}, {"name": 4, "value": 0}, {"name": 5, "value": 0}, {"name": 6, "value": 0}, {"name": 7, "value": 0}, {"name": 8, "value": 0}, {"name": 9, "value": 0}, {"name": 10, "value": 0}, {"name": 11, "value": 0}, {"name": 12, "value": 0}, {"name": 13, "value": 0}, {"name": 14, "value": 0}, {"name": 15, "value": 0}, {"name": 16, "value": 0}, {"name": 17, "value": 0}]}}, "4": {"inp": [7, 5, 2021], "icnt": {"get_next_date": [{"name": 1, "value": 0}, {"name": 2, "value": 0}, {"name": 3, "value": 0}, {"name": 4, "value": 0}, {"name": 5, "value": 0}, {"name": 6, "value": 0}, {"name": 7, "value": 0}, {"name": 8, "value": 0}, {"name": 9, "value": 0}, {"name": 10, "value": 0}, {"name": 11, "value": 0}, {"name": 12, "value": 0}, {"name": 13, "value": 0}, {"name": 14, "value": 0}, {"name": 15, "value": 0}, {"name": 16, "value": 0}, {"name": 17, "value": 0}]}}, "5": {"inp": [22, 6, 2021], "icnt": {"get_next_date": [{"name": 1, "value": 0}, {"name": 2, "value": 0}, {"name": 3, "value": 0}, {"name": 4, "value": 0}, {"name": 5, "value": 0}, {"name": 6, "value": 0}, {"name": 7, "value": 0}, {"name": 8, "value": 0}, {"name": 9, "value": 0}, {"name": 10, "value": 0}, {"name": 11, "value": 0}, {"name": 12, "value": 0}, {"name": 13, "value": 0}, {"name": 14, "value": 0}, {"name": 15, "value": 0}, {"name": 16, "value": 0}, {"name": 17, "value": 0}]}}, "6": {"inp": [1, 8, 2021], "icnt": {"get_next_date": [{"name": 1, "value": 0}, {"name": 2, "value": 0}, {"name": 3, "value": 0}, {"name": 4, "value": 0}, {"name": 5, "value": 0}, {"name": 6, "value": 0}, {"name": 7, "value": 0}, {"name": 8, "value": 0}, {"name": 9, "value": 0}, {"name": 10, "value": 0}, {"name": 11, "value": 0}, {"name": 12, "value": 0}, {"name": 13, "value": 0}, {"name": 14, "value": 0}, {"name": 15, "value": 0}, {"name": 16, "value": 0}, {"name": 17, "value": 0}]}}, "7": {"inp": [18, 2, 2024], "icnt": {"get_next_date": [{"name": 1, "value": 0}, {"name": 2, "value": 0}, {"name": 3, "value": 0}, {"name": 4, "value": 0}, {"name": 5, "value": 0}, {"name": 6, "value": 0}, {"name": 7, "value": 0}, {"name": 8, "value": 0}, {"name": 9, "value": 0}, {"name": 10, "value": 0}, {"name": 11, "value": 0}, {"name": 12, "value": 0}, {"name": 13, "value": 0}, {"name": 14, "value": 0}, {"name": 15, "value": 0}, {"name": 16, "value": 0}, {"name": 17, "value": 0}]}}, "8": {"inp": [1, 8, 2021], "icnt": {"get_next_date": [{"name": 1, "value": 0}, {"name": 2, "value": 0}, {"name": 3, "value": 0}, {"name": 4, "value": 0}, {"name": 5, "value": 0}, {"name": 6, "value": 0}, {"name": 7, "value": 0}, {"name": 8, "value": 0}, {"name": 9, "value": 0}, {"name": 10, "value": 0}, {"name": 11, "value": 0}, {"name": 12, "value": 0}, {"name": 13, "value": 0}, {"name": 14, "value": 0}, {"name": 15, "value": 0}, {"name": 16, "value": 0}, {"name": 17, "value": 0}]}}, "9": {"inp": [19, 9, 2021], "icnt": {"get_next_date": [{"name": 1, "value": 0}, {"name": 2, "value": 0}, {"name": 3, "value": 0}, {"name": 4, "value": 0}, {"name": 5, "value": 0}, {"name": 6, "value": 0}, {"name": 7, "value": 0}, {"name": 8, "value": 0}, {"name": 9, "value": 0}, {"name": 10, "value": 0}, {"name": 11, "value": 0}, {"name": 12, "value": 0}, {"name": 13, "value": 0}, {"name": 14, "value": 0}, {"name": 15, "value": 0}, {"name": 16, "value": 0}, {"name": 17, "value": 0}]}}, "10": {"inp": [4, 10, 2021], "icnt": {"get_next_date": [{"name": 1, "value": 0}, {"name": 2, "value": 0}, {"name": 3, "value": 0}, {"name": 4, "value": 0}, {"name": 5, "value": 0}, {"name": 6, "value": 0}, {"name": 7, "value": 0}, {"name": 8, "value": 0}, {"name": 9, "value": 0}, {"name": 10, "value": 0}, {"name": 11, "value": 0}, {"name": 12, "value": 0}, {"name": 13, "value": 0}, {"name": 14, "value": 0}, {"name": 15, "value": 0}, {"name": 16, "value": 0}, {"name": 17, "value": 0}]}}, "11": {"inp": [17, 11, 2021], "icnt": {"get_next_date": [{"name": 1, "value": 0}, {"name": 2, "value": 0}, {"name": 3, "value": 0}, {"name": 4, "value": 0}, {"name": 5, "value": 0}, {"name": 6, "value": 0}, {"name": 7, "value": 0}, {"name": 8, "value": 0}, {"name": 9, "value": 0}, {"name": 10, "value": 0}, {"name": 11, "value": 0}, {"name": 12, "value": 0}, {"name": 13, "value": 0}, {"name": 14, "value": 0}, {"name": 15, "value": 0}, {"name": 16, "value": 0}, {"name": 17, "value": 0}]}}, "12": {"inp": [24, 12, 2021], "icnt": {"get_next_date": [{"name": 1, "value": 0}, {"name": 2, "value": 0}, {"name": 3, "value": 0}, {"name": 4, "value": 0}, {"name": 5, "value": 0}, {"name": 6, "value": 0}, {"name": 7, "value": 0}, {"name": 8, "value": 0}, {"name": 9, "value": 0}, {"name": 10, "value": 0}, {"name": 11, "value": 0}, {"name": 12, "value": 0}, {"name": 13, "value": 0}, {"name": 14, "value": 0}, {"name": 15, "value": 0}, {"name": 16, "value": 0}, {"name": 17, "value": 0}]}}, "13": {"inp": [9, 2, 2028], "icnt": {"get_next_date": [{"name": 1, "value": 0}, {"name": 2, "value": 0}, {"name": 3, "value": 0}, {"name": 4, "value": 0}, {"name": 5, "value": 0}, {"name": 6, "value": 0}, {"name": 7, "value": 0}, {"name": 8, "value": 0}, {"name": 9, "value": 0}, {"name": 10, "value": 0}, {"name": 11, "value": 0}, {"name": 12, "value": 0}, {"name": 13, "value": 0}, {"name": 14, "value": 0}, {"name": 15, "value": 0}, {"name": 16, "value": 0}, {"name": 17, "value": 0}]}}}, "failed": {"1": {"inp": [17, 2, 2021], "icnt": {"get_next_date": [{"name": 1, "value": 0}, {"name": 2, "value": 0}, {"name": 3, "value": 0}, {"name": 4, "value": 0}, {"name": 5, "value": 0}, {"name": 6, "value": 0}, {"name": 7, "value": 0}, {"name": 8, "value": 0}, {"name": 9, "value": 0}, {"name": 10, "value": 0}, {"name": 11, "value": 0}, {"name": 12, "value": 0}, {"name": 13, "value": 0}, {"name": 14, "value": 0}, {"name": 15, "value": 0}, {"name": 16, "value": 0}, {"name": 17, "value": 0}]}}, "2": {"inp": [16, 2, 2022], "icnt": {"get_next_date": [{"name": 1, "value": 0}, {"name": 2, "value": 0}, {"name": 3, "value": 0}, {"name": 4, "value": 0}, {"name": 5, "value": 0}, {"name": 6, "value": 0}, {"name": 7, "value": 0}, {"name": 8, "value": 0}, {"name": 9, "value": 0}, {"name": 10, "value": 0}, {"name": 11, "value": 0}, {"name": 12, "value": 0}, {"name": 13, "value": 0}, {"name": 14, "value": 0}, {"name": 15, "value": 0}, {"name": 16, "value": 0}, {"name": 17, "value": 0}]}}, "3": {"inp": [14, 2, 2023], "icnt": {"get_next_date": [{"name": 1, "value": 0}, {"name": 2, "value": 0}, {"name": 3, "value": 0}, {"name": 4, "value": 0}, {"name": 5, "value": 0}, {"name": 6, "value": 0}, {"name": 7, "value": 0}, {"name": 8, "value": 0}, {"name": 9, "value": 0}, {"name": 10, "value": 0}, {"name": 11, "value": 0}, {"name": 12, "value": 0}, {"name": 13, "value": 0}, {"name": 14, "value": 0}, {"name": 15, "value": 0}, {"name": 16, "value": 0}, {"name": 17, "value": 0}]}}, "4": {"inp": [20, 2, 2025], "icnt": {"get_next_date": [{"name": 1, "value": 0}, {"name": 2, "value": 0}, {"name": 3, "value": 0}, {"name": 4, "value": 0}, {"name": 5, "value": 0}, {"name": 6, "value": 0}, {"name": 7, "value": 0}, {"name": 8, "value": 0}, {"name": 9, "value": 0}, {"name": 10, "value": 0}, {"name": 11, "value": 0}, {"name": 12, "value": 0}, {"name": 13, "value": 0}, {"name": 14, "value": 0}, {"name": 15, "value": 0}, {"name": 16, "value": 0}, {"name": 17, "value": 0}]}}, "5": {"inp": [15, 2, 2026], "icnt": {"get_next_date": [{"name": 1, "value": 0}, {"name": 2, "value": 0}, {"name": 3, "value": 0}, {"name": 4, "value": 0}, {"name": 5, "value": 0}, {"name": 6, "value": 0}, {"name": 7, "value": 0}, {"name": 8, "value": 0}, {"name": 9, "value": 0}, {"name": 10, "value": 0}, {"name": 11, "value": 0}, {"name": 12, "value": 0}, {"name": 13, "value": 0}, {"name": 14, "value": 0}, {"name": 15, "value": 0}, {"name": 16, "value": 0}, {"name": 17, "value": 0}]}}, "6": {"inp": [23, 2, 2027], "icnt": {"get_next_date": [{"name": 1, "value": 0}, {"name": 2, "value": 0}, {"name": 3, "value": 0}, {"name": 4, "value": 0}, {"name": 5, "value": 0}, {"name": 6, "value": 0}, {"name": 7, "value": 0}, {"name": 8, "value": 0}, {"name": 9, "value": 0}, {"name": 10, "value": 0}, {"name": 11, "value": 0}, {"name": 12, "value": 0}, {"name": 13, "value": 0}, {"name": 14, "value": 0}, {"name": 15, "value": 0}, {"name": 16, "value": 0}, {"name": 17, "value": 0}]}}, "7": {"inp": [21, 2, 2029], "icnt": {"get_next_date": [{"name": 1, "value": 0}, {"name": 2, "value": 0}, {"name": 3, "value": 0}, {"name": 4, "value": 0}, {"name": 5, "value": 0}, {"name": 6, "value": 0}, {"name": 7, "value": 0}, {"name": 8, "value": 0}, {"name": 9, "value": 0}, {"name": 10, "value": 0}, {"name": 11, "value": 0}, {"name": 12, "value": 0}, {"name": 13, "value": 0}, {"name": 14, "value": 0}, {"name": 15, "value": 0}, {"name": 16, "value": 0}, {"name": 17, "value": 0}]}}, "8": {"inp": [22, 1, 2023], "icnt": {"get_next_date": [{"name": 1, "value": 0}, {"name": 2, "value": 0}, {"name": 3, "value": 0}, {"name": 4, "value": 0}, {"name": 5, "value": 0}, {"name": 6, "value": 0}, {"name": 7, "value": 0}, {"name": 8, "value": 0}, {"name": 9, "value": 0}, {"name": 10, "value": 0}, {"name": 11, "value": 0}, {"name": 12, "value": 0}, {"name": 13, "value": 0}, {"name": 14, "value": 0}, {"name": 15, "value": 0}, {"name": 16, "value": 0}, {"name": 17, "value": 0}]}}, "9": {"inp": [28, 2, 2025], "icnt": {"get_next_date": [{"name": 1, "value": 0}, {"name": 2, "value": 0}, {"name": 3, "value": 0}, {"name": 4, "value": 0}, {"name": 5, "value": 0}, {"name": 6, "value": 0}, {"name": 7, "value": 0}, {"name": 8, "value": 0}, {"name": 9, "value": 0}, {"name": 10, "value": 0}, {"name": 11, "value": 0}, {"name": 12, "value": 0}, {"name": 13, "value": 0}, {"name": 14, "value": 0}, {"name": 15, "value": 0}, {"name": 16, "value": 0}, {"name": 17, "value": 0}]}}, "10": {"inp": [19, 2, 2026], "icnt": {"get_next_date": [{"name": 1, "value": 0}, {"name": 2, "value": 0}, {"name": 3, "value": 0}, {"name": 4, "value": 0}, {"name": 5, "value": 0}, {"name": 6, "value": 0}, {"name": 7, "value": 0}, {"name": 8, "value": 0}, {"name": 9, "value": 0}, {"name": 10, "value": 0}, {"name": 11, "value": 0}, {"name": 12, "value": 0}, {"name": 13, "value": 0}, {"name": 14, "value": 0}, {"name": 15, "value": 0}, {"name": 16, "value": 0}, {"name": 17, "value": 0}]}}, "11": {"inp": [9, 2, 2027], "icnt": {"get_next_date": [{"name": 1, "value": 0}, {"name": 2, "value": 0}, {"name": 3, "value": 0}, {"name": 4, "value": 0}, {"name": 5, "value": 0}, {"name": 6, "value": 0}, {"name": 7, "value": 0}, {"name": 8, "value": 0}, {"name": 9, "value": 0}, {"name": 10, "value": 0}, {"name": 11, "value": 0}, {"name": 12, "value": 0}, {"name": 13, "value": 0}, {"name": 14, "value": 0}, {"name": 15, "value": 0}, {"name": 16, "value": 0}, {"name": 17, "value": 0}]}}, "12": {"inp": [20, 2, 2029], "icnt": {"get_next_date": [{"name": 1, "value": 0}, {"name": 2, "value": 0}, {"name": 3, "value": 0}, {"name": 4, "value": 0}, {"name": 5, "value": 0}, {"name": 6, "value": 0}, {"name": 7, "value": 0}, {"name": 8, "value": 0}, {"name": 9, "value": 0}, {"name": 10, "value": 0}, {"name": 11, "value": 0}, {"name": 12, "value": 0}, {"name": 13, "value": 0}, {"name": 14, "value": 0}, {"name": 15, "value": 0}, {"name": 16, "value": 0}, {"name": 17, "value": 0}]}}, "13": {"inp": [11, 2, 2031], "icnt": {"get_next_date": [{"name": 1, "value": 0}, {"name": 2, "value": 0}, {"name": 3, "value": 0}, {"name": 4, "value": 0}, {"name": 5, "value": 0}, {"name": 6, "value": 0}, {"name": 7, "value": 0}, {"name": 8, "value": 0}, {"name": 9, "value": 0}, {"name": 10, "value": 0}, {"name": 11, "value": 0}, {"name": 12, "value": 0}, {"name": 13, "value": 0}, {"name": 14, "value": 0}, {"name": 15, "value": 0}, {"name": 16, "value": 0}, {"name": 17, "value": 0}]}}}}