[
  {
    "Module_name": "get_next_date",
    "Max_score": 1.0,
    "Block_Info": [
      {
        "Block ID": 1,
        "Susp. score": 0,
        "Statements_info": [
          {
            "statement": "if year % 400 == 0:"
          }
        ]
      },
      {
        "Block ID": 4,
        "Susp. score": 0,
        "Statements_info": [
          {
            "statement": "if year % 100 == 0:"
          }
        ]
      },
      {
        "Block ID": 3,
        "Susp. score": 0,
        "Statements_info": [
          {
            "statement": "if month in (1, 3, 5, 7, 8, 10, 12):"
          }
        ]
      },
      {
        "Block ID": 11,
        "Susp. score": 0,
        "Statements_info": [
          {
            "statement": " month_length = 31"
          }
        ]
      },
      {
        "Block ID": 3,
        "Susp. score": 0.69,
        "Statements_info": [
          {
            "statement": "if month in (1, 3, 5, 7, 8, 10, 12):"
          }
        ]
      },
      {
        "Block ID": 13,
        "Susp. score": 0.69,
        "Statements_info": [
          {
            "statement": " if month == 2:"
          }
        ]
      },
      {
        "Block ID": 12,
        "Susp. score": 0,
        "Statements_info": [
          {
            "statement": " if day < month_length:"
          }
        ]
      },
      {
        "Block ID": 20,
        "Susp. score": 0,
        "Statements_info": [
          {
            "statement": " day += 1"
          }
        ]
      },
      {
        "Block ID": 12,
        "Susp. score": 0.96,
        "Statements_info": [
          {
            "statement": " if day < month_length:"
          }
        ]
      },
      {
        "Block ID": 22,
        "Susp. score": 0.96,
        "Statements_info": [
          {
            "statement": " day = 1"
          },
          {
            "statement": "if month == 12:"
          }
        ]
      },
      {
        "Block ID": 22,
        "Susp. score": 1.0,
        "Statements_info": [
          {
            "statement": " day = 1"
          },
          {
            "statement": "if month == 12:"
          }
        ]
      },
      {
        "Block ID": 25,
        "Susp. score": 1.0,
        "Statements_info": [
          {
            "statement": " month += 1"
          }
        ]
      },
      {
        "Block ID": 13,
        "Susp. score": 0.79,
        "Statements_info": [
          {
            "statement": " if month == 2:"
          }
        ]
      },
      {
        "Block ID": 14,
        "Susp. score": 0.79,
        "Statements_info": [
          {
            "statement": " if leap_year:"
          }
        ]
      },
      {
        "Block ID": 13,
        "Susp. score": 0,
        "Statements_info": [
          {
            "statement": " if month == 2:"
          }
        ]
      },
      {
        "Block ID": 16,
        "Susp. score": 0,
        "Statements_info": [
          {
            "statement": " month_length = 30"
          }
        ]
      },
      {
        "Block ID": 14,
        "Susp. score": 0,
        "Statements_info": [
          {
            "statement": " if leap_year:"
          }
        ]
      },
      {
        "Block ID": 17,
        "Susp. score": 0,
        "Statements_info": [
          {
            "statement": " month_length = 29"
          }
        ]
      },
      {
        "Block ID": 14,
        "Susp. score": 1.0,
        "Statements_info": [
          {
            "statement": " if leap_year:"
          }
        ]
      },
      {
        "Block ID": 19,
        "Susp. score": 1.0,
        "Statements_info": [
          {
            "statement": " month_length = 5"
          }
        ]
      },
      {
        "Block ID": 4,
        "Susp. score": 0,
        "Statements_info": [
          {
            "statement": "if year % 100 == 0:"
          }
        ]
      },
      {
        "Block ID": 7,
        "Susp. score": 0,
        "Statements_info": [
          {
            "statement": "if year % 4 == 0:"
          }
        ]
      },
      {
        "Block ID": 7,
        "Susp. score": 0,
        "Statements_info": [
          {
            "statement": "if year % 4 == 0:"
          }
        ]
      },
      {
        "Block ID": 8,
        "Susp. score": 0,
        "Statements_info": [
          {
            "statement": "leap_year = True"
          }
        ]
      },
      {
        "Block ID": 7,
        "Susp. score": 0.61,
        "Statements_info": [
          {
            "statement": "if year % 4 == 0:"
          }
        ]
      },
      {
        "Block ID": 10,
        "Susp. score": 0.61,
        "Statements_info": [
          {
            "statement": " leap_year = False"
          }
        ]
      }
    ]
  }
]