{"passed": {"1": {"inp": [[7, 9, 11]], "icnt": {"ap_gp_sequence": [{"name": 1, "value": 0}, {"name": 2, "value": 0}, {"name": 3, "value": 0}, {"name": 4, "value": 0}, {"name": 5, "value": 0}]}}, "2": {"inp": [[10, 15, 20]], "icnt": {"ap_gp_sequence": [{"name": 1, "value": 0}, {"name": 2, "value": 0}, {"name": 3, "value": 0}, {"name": 4, "value": 0}, {"name": 5, "value": 0}]}}, "3": {"inp": [[7, 10, 13]], "icnt": {"ap_gp_sequence": [{"name": 1, "value": 0}, {"name": 2, "value": 0}, {"name": 3, "value": 0}, {"name": 4, "value": 0}, {"name": 5, "value": 0}]}}, "4": {"inp": [[16, 27, 38]], "icnt": {"ap_gp_sequence": [{"name": 1, "value": 0}, {"name": 2, "value": 0}, {"name": 3, "value": 0}, {"name": 4, "value": 0}, {"name": 5, "value": 0}]}}, "5": {"inp": [[13, 21, 29]], "icnt": {"ap_gp_sequence": [{"name": 1, "value": 0}, {"name": 2, "value": 0}, {"name": 3, "value": 0}, {"name": 4, "value": 0}, {"name": 5, "value": 0}]}}, "6": {"inp": [[6, 8, 10]], "icnt": {"ap_gp_sequence": [{"name": 1, "value": 0}, {"name": 2, "value": 0}, {"name": 3, "value": 0}, {"name": 4, "value": 0}, {"name": 5, "value": 0}]}}, "7": {"inp": [[15, 25, 35]], "icnt": {"ap_gp_sequence": [{"name": 1, "value": 0}, {"name": 2, "value": 0}, {"name": 3, "value": 0}, {"name": 4, "value": 0}, {"name": 5, "value": 0}]}}, "8": {"inp": [[5, 8, 11]], "icnt": {"ap_gp_sequence": [{"name": 1, "value": 0}, {"name": 2, "value": 0}, {"name": 3, "value": 0}, {"name": 4, "value": 0}, {"name": 5, "value": 0}]}}, "9": {"inp": [[17, 29, 41]], "icnt": {"ap_gp_sequence": [{"name": 1, "value": 0}, {"name": 2, "value": 0}, {"name": 3, "value": 0}, {"name": 4, "value": 0}, {"name": 5, "value": 0}]}}, "10": {"inp": [[6, 6, 6]], "icnt": {"ap_gp_sequence": [{"name": 1, "value": 0}, {"name": 2, "value": 0}, {"name": 3, "value": 0}, {"name": 4, "value": 0}, {"name": 5, "value": 0}]}}, "11": {"inp": [[4, 8, 12]], "icnt": {"ap_gp_sequence": [{"name": 1, "value": 0}, {"name": 2, "value": 0}, {"name": 3, "value": 0}, {"name": 4, "value": 0}, {"name": 5, "value": 0}]}}, "12": {"inp": [[10, 20, 30]], "icnt": {"ap_gp_sequence": [{"name": 1, "value": 0}, {"name": 2, "value": 0}, {"name": 3, "value": 0}, {"name": 4, "value": 0}, {"name": 5, "value": 0}]}}, "13": {"inp": [[0, 0, 0]], "icnt": {"ap_gp_sequence": [{"name": 1, "value": 0}, {"name": 2, "value": 0}, {"name": 3, "value": 0}, {"name": 4, "value": 0}, {"name": 5, "value": 0}]}}, "14": {"inp": [[4, 10, 16]], "icnt": {"ap_gp_sequence": [{"name": 1, "value": 0}, {"name": 2, "value": 0}, {"name": 3, "value": 0}, {"name": 4, "value": 0}, {"name": 5, "value": 0}]}}, "15": {"inp": [[22, 44, 66]], "icnt": {"ap_gp_sequence": [{"name": 1, "value": 0}, {"name": 2, "value": 0}, {"name": 3, "value": 0}, {"name": 4, "value": 0}, {"name": 5, "value": 0}]}}, "16": {"inp": [[16, 32, 48]], "icnt": {"ap_gp_sequence": [{"name": 1, "value": 0}, {"name": 2, "value": 0}, {"name": 3, "value": 0}, {"name": 4, "value": 0}, {"name": 5, "value": 0}]}}, "17": {"inp": [[2, 6, 10]], "icnt": {"ap_gp_sequence": [{"name": 1, "value": 0}, {"name": 2, "value": 0}, {"name": 3, "value": 0}, {"name": 4, "value": 0}, {"name": 5, "value": 0}]}}, "18": {"inp": [[20, 40, 60]], "icnt": {"ap_gp_sequence": [{"name": 1, "value": 0}, {"name": 2, "value": 0}, {"name": 3, "value": 0}, {"name": 4, "value": 0}, {"name": 5, "value": 0}]}}, "19": {"inp": [[0, 6, 12]], "icnt": {"ap_gp_sequence": [{"name": 1, "value": 0}, {"name": 2, "value": 0}, {"name": 3, "value": 0}, {"name": 4, "value": 0}, {"name": 5, "value": 0}]}}}, "failed": {"1": {"inp": [[8, 14, 32]], "icnt": {"ap_gp_sequence": [{"name": 1, "value": 0}, {"name": 2, "value": 0}, {"name": 3, "value": 0}, {"name": 4, "value": 0}, {"name": 5, "value": 0}]}}, "2": {"inp": [[6, 7, 9]], "icnt": {"ap_gp_sequence": [{"name": 1, "value": 0}, {"name": 2, "value": 0}, {"name": 3, "value": 0}, {"name": 4, "value": 0}, {"name": 5, "value": 0}]}}, "3": {"inp": [[12, 26, 68]], "icnt": {"ap_gp_sequence": [{"name": 1, "value": 0}, {"name": 2, "value": 0}, {"name": 3, "value": 0}, {"name": 4, "value": 0}, {"name": 5, "value": 0}]}}, "4": {"inp": [[9, 13, 21]], "icnt": {"ap_gp_sequence": [{"name": 1, "value": 0}, {"name": 2, "value": 0}, {"name": 3, "value": 0}, {"name": 4, "value": 0}, {"name": 5, "value": 0}]}}, "5": {"inp": [[14, 23, 41]], "icnt": {"ap_gp_sequence": [{"name": 1, "value": 0}, {"name": 2, "value": 0}, {"name": 3, "value": 0}, {"name": 4, "value": 0}, {"name": 5, "value": 0}]}}, "6": {"inp": [[5, 5, 5]], "icnt": {"ap_gp_sequence": [{"name": 1, "value": 0}, {"name": 2, "value": 0}, {"name": 3, "value": 0}, {"name": 4, "value": 0}, {"name": 5, "value": 0}]}}, "7": {"inp": [[11, 41, 221]], "icnt": {"ap_gp_sequence": [{"name": 1, "value": 0}, {"name": 2, "value": 0}, {"name": 3, "value": 0}, {"name": 4, "value": 0}, {"name": 5, "value": 0}]}}, "8": {"inp": [[10, 20, 50]], "icnt": {"ap_gp_sequence": [{"name": 1, "value": 0}, {"name": 2, "value": 0}, {"name": 3, "value": 0}, {"name": 4, "value": 0}, {"name": 5, "value": 0}]}}, "9": {"inp": [[8, 11, 17]], "icnt": {"ap_gp_sequence": [{"name": 1, "value": 0}, {"name": 2, "value": 0}, {"name": 3, "value": 0}, {"name": 4, "value": 0}, {"name": 5, "value": 0}]}}, "10": {"inp": [[9, 17, 41]], "icnt": {"ap_gp_sequence": [{"name": 1, "value": 0}, {"name": 2, "value": 0}, {"name": 3, "value": 0}, {"name": 4, "value": 0}, {"name": 5, "value": 0}]}}, "11": {"inp": [[6, 18, 54]], "icnt": {"ap_gp_sequence": [{"name": 1, "value": 0}, {"name": 2, "value": 0}, {"name": 3, "value": 0}, {"name": 4, "value": 0}, {"name": 5, "value": 0}]}}, "12": {"inp": [[2, 4, 8]], "icnt": {"ap_gp_sequence": [{"name": 1, "value": 0}, {"name": 2, "value": 0}, {"name": 3, "value": 0}, {"name": 4, "value": 0}, {"name": 5, "value": 0}]}}, "13": {"inp": [[14, 42, 126]], "icnt": {"ap_gp_sequence": [{"name": 1, "value": 0}, {"name": 2, "value": 0}, {"name": 3, "value": 0}, {"name": 4, "value": 0}, {"name": 5, "value": 0}]}}, "14": {"inp": [[8, 16, 32]], "icnt": {"ap_gp_sequence": [{"name": 1, "value": 0}, {"name": 2, "value": 0}, {"name": 3, "value": 0}, {"name": 4, "value": 0}, {"name": 5, "value": 0}]}}, "15": {"inp": [[18, 36, 72]], "icnt": {"ap_gp_sequence": [{"name": 1, "value": 0}, {"name": 2, "value": 0}, {"name": 3, "value": 0}, {"name": 4, "value": 0}, {"name": 5, "value": 0}]}}, "16": {"inp": [[12, 72, 432]], "icnt": {"ap_gp_sequence": [{"name": 1, "value": 0}, {"name": 2, "value": 0}, {"name": 3, "value": 0}, {"name": 4, "value": 0}, {"name": 5, "value": 0}]}}, "17": {"inp": [[10, 30, 90]], "icnt": {"ap_gp_sequence": [{"name": 1, "value": 0}, {"name": 2, "value": 0}, {"name": 3, "value": 0}, {"name": 4, "value": 0}, {"name": 5, "value": 0}]}}, "18": {"inp": [[6, 12, 24]], "icnt": {"ap_gp_sequence": [{"name": 1, "value": 0}, {"name": 2, "value": 0}, {"name": 3, "value": 0}, {"name": 4, "value": 0}, {"name": 5, "value": 0}]}}, "19": {"inp": [[8, 24, 72]], "icnt": {"ap_gp_sequence": [{"name": 1, "value": 0}, {"name": 2, "value": 0}, {"name": 3, "value": 0}, {"name": 4, "value": 0}, {"name": 5, "value": 0}]}}}}