{"equilateral_area": [], "equilateral_area.equilateral_area": [], "math": [], "equilateral_area.math": ["math"], "equilateral_area.equilateral_area.<RETURN>": ["equilateral_area.equilateral_area.const", "equilateral_area.equilateral_area.area"], "equilateral_area.equilateral_area.side": [], "equilateral_area.equilateral_area.const": ["math.sqrt"], "equilateral_area.equilateral_area.term": ["math.pow"], "equilateral_area.equilateral_area.area": ["equilateral_area.equilateral_area.const"], "math.sqrt": [], "math.pow": []}