{"passed": {"1": {"inp": [4, 2, 1], "icnt": {"display_type_code": [{"name": 1, "value": 0}, {"name": 18, "value": 0}], "is_side_two_equal_three": [{"name": 2, "value": 0}, {"name": 19, "value": 0}], "is_side_one_equal_two": [{"name": 3, "value": 0}, {"name": 20, "value": 0}], "is_side_one_equal_three": [{"name": 4, "value": 0}, {"name": 21, "value": 0}], "trityp": [{"name": 5, "value": 0}, {"name": 6, "value": 0}, {"name": 7, "value": 0}, {"name": 8, "value": 0}, {"name": 9, "value": 0}, {"name": 10, "value": 0}, {"name": 11, "value": 0}, {"name": 12, "value": 0}, {"name": 13, "value": 0}, {"name": 14, "value": 0}, {"name": 15, "value": 0}, {"name": 16, "value": 0}, {"name": 17, "value": 0}, {"name": 22, "value": 0}]}}, "2": {"inp": [10, 10, 12], "icnt": {"display_type_code": [{"name": 1, "value": 0}, {"name": 18, "value": 0}], "is_side_two_equal_three": [{"name": 2, "value": 0}, {"name": 19, "value": 0}], "is_side_one_equal_two": [{"name": 3, "value": 0}, {"name": 20, "value": 0}], "is_side_one_equal_three": [{"name": 4, "value": 0}, {"name": 21, "value": 0}], "trityp": [{"name": 5, "value": 0}, {"name": 6, "value": 0}, {"name": 7, "value": 0}, {"name": 8, "value": 0}, {"name": 9, "value": 0}, {"name": 10, "value": 0}, {"name": 11, "value": 0}, {"name": 12, "value": 0}, {"name": 13, "value": 0}, {"name": 14, "value": 0}, {"name": 15, "value": 0}, {"name": 16, "value": 0}, {"name": 17, "value": 0}, {"name": 22, "value": 0}]}}, "3": {"inp": [10, 12, 10], "icnt": {"display_type_code": [{"name": 1, "value": 0}, {"name": 18, "value": 0}], "is_side_two_equal_three": [{"name": 2, "value": 0}, {"name": 19, "value": 0}], "is_side_one_equal_two": [{"name": 3, "value": 0}, {"name": 20, "value": 0}], "is_side_one_equal_three": [{"name": 4, "value": 0}, {"name": 21, "value": 0}], "trityp": [{"name": 5, "value": 0}, {"name": 6, "value": 0}, {"name": 7, "value": 0}, {"name": 8, "value": 0}, {"name": 9, "value": 0}, {"name": 10, "value": 0}, {"name": 11, "value": 0}, {"name": 12, "value": 0}, {"name": 13, "value": 0}, {"name": 14, "value": 0}, {"name": 15, "value": 0}, {"name": 16, "value": 0}, {"name": 17, "value": 0}, {"name": 22, "value": 0}]}}, "4": {"inp": [1, 2, 4], "icnt": {"display_type_code": [{"name": 1, "value": 0}, {"name": 18, "value": 0}], "is_side_two_equal_three": [{"name": 2, "value": 0}, {"name": 19, "value": 0}], "is_side_one_equal_two": [{"name": 3, "value": 0}, {"name": 20, "value": 0}], "is_side_one_equal_three": [{"name": 4, "value": 0}, {"name": 21, "value": 0}], "trityp": [{"name": 5, "value": 0}, {"name": 6, "value": 0}, {"name": 7, "value": 0}, {"name": 8, "value": 0}, {"name": 9, "value": 0}, {"name": 10, "value": 0}, {"name": 11, "value": 0}, {"name": 12, "value": 0}, {"name": 13, "value": 0}, {"name": 14, "value": 0}, {"name": 15, "value": 0}, {"name": 16, "value": 0}, {"name": 17, "value": 0}, {"name": 22, "value": 0}]}}}, "failed": {"1": {"inp": [12, 10, 10], "icnt": {"display_type_code": [{"name": 1, "value": 0}, {"name": 18, "value": 0}], "is_side_two_equal_three": [{"name": 2, "value": 0}, {"name": 19, "value": 0}], "is_side_one_equal_two": [{"name": 3, "value": 0}, {"name": 20, "value": 0}], "is_side_one_equal_three": [{"name": 4, "value": 0}, {"name": 21, "value": 0}], "trityp": [{"name": 5, "value": 0}, {"name": 6, "value": 0}, {"name": 7, "value": 0}, {"name": 8, "value": 0}, {"name": 9, "value": 0}, {"name": 10, "value": 0}, {"name": 11, "value": 0}, {"name": 12, "value": 0}, {"name": 13, "value": 0}, {"name": 14, "value": 0}, {"name": 15, "value": 0}, {"name": 16, "value": 0}, {"name": 17, "value": 0}, {"name": 22, "value": 0}]}}, "2": {"inp": [3, 5, 5], "icnt": {"display_type_code": [{"name": 1, "value": 0}, {"name": 18, "value": 0}], "is_side_two_equal_three": [{"name": 2, "value": 0}, {"name": 19, "value": 0}], "is_side_one_equal_two": [{"name": 3, "value": 0}, {"name": 20, "value": 0}], "is_side_one_equal_three": [{"name": 4, "value": 0}, {"name": 21, "value": 0}], "trityp": [{"name": 5, "value": 0}, {"name": 6, "value": 0}, {"name": 7, "value": 0}, {"name": 8, "value": 0}, {"name": 9, "value": 0}, {"name": 10, "value": 0}, {"name": 11, "value": 0}, {"name": 12, "value": 0}, {"name": 13, "value": 0}, {"name": 14, "value": 0}, {"name": 15, "value": 0}, {"name": 16, "value": 0}, {"name": 17, "value": 0}, {"name": 22, "value": 0}]}}, "3": {"inp": [5, 2, 2], "icnt": {"display_type_code": [{"name": 1, "value": 0}, {"name": 18, "value": 0}], "is_side_two_equal_three": [{"name": 2, "value": 0}, {"name": 19, "value": 0}], "is_side_one_equal_two": [{"name": 3, "value": 0}, {"name": 20, "value": 0}], "is_side_one_equal_three": [{"name": 4, "value": 0}, {"name": 21, "value": 0}], "trityp": [{"name": 5, "value": 0}, {"name": 6, "value": 0}, {"name": 7, "value": 0}, {"name": 8, "value": 0}, {"name": 9, "value": 0}, {"name": 10, "value": 0}, {"name": 11, "value": 0}, {"name": 12, "value": 0}, {"name": 13, "value": 0}, {"name": 14, "value": 0}, {"name": 15, "value": 0}, {"name": 16, "value": 0}, {"name": 17, "value": 0}, {"name": 22, "value": 0}]}}, "4": {"inp": [10, 7, 7], "icnt": {"display_type_code": [{"name": 1, "value": 0}, {"name": 18, "value": 0}], "is_side_two_equal_three": [{"name": 2, "value": 0}, {"name": 19, "value": 0}], "is_side_one_equal_two": [{"name": 3, "value": 0}, {"name": 20, "value": 0}], "is_side_one_equal_three": [{"name": 4, "value": 0}, {"name": 21, "value": 0}], "trityp": [{"name": 5, "value": 0}, {"name": 6, "value": 0}, {"name": 7, "value": 0}, {"name": 8, "value": 0}, {"name": 9, "value": 0}, {"name": 10, "value": 0}, {"name": 11, "value": 0}, {"name": 12, "value": 0}, {"name": 13, "value": 0}, {"name": 14, "value": 0}, {"name": 15, "value": 0}, {"name": 16, "value": 0}, {"name": 17, "value": 0}, {"name": 22, "value": 0}]}}}}