{"trityp": [], "trityp.display_type_code": [], "trityp.is_side_two_equal_three": [], "trityp.is_side_one_equal_two": [], "trityp.is_side_one_equal_three": [], "trityp.trityp": [], "trityp.display_type_code.<RETURN>": ["trityp.display_type_code.n"], "trityp.display_type_code.n": [], "trityp.is_side_two_equal_three.<RETURN>": ["trityp.is_side_two_equal_three.type_code"], "trityp.is_side_two_equal_three.type_code": ["trityp.trityp.type_code", "trityp.is_side_two_equal_three.type_code"], "trityp.is_side_one_equal_two.<RETURN>": ["trityp.is_side_one_equal_two.type_code"], "trityp.is_side_one_equal_two.type_code": ["trityp.is_side_one_equal_two.type_code", "trityp.trityp.type_code"], "trityp.is_side_one_equal_three.<RETURN>": ["trityp.is_side_one_equal_three.type_code"], "trityp.is_side_one_equal_three.type_code": ["trityp.is_side_one_equal_three.type_code", "trityp.trityp.type_code"], "trityp.trityp.<RETURN>": ["trityp.trityp.type_code"], "trityp.trityp.i": [], "trityp.trityp.j": [], "trityp.trityp.k": [], "trityp.trityp.type_code": ["trityp.is_side_one_equal_two.<RETURN>", "trityp.display_type_code.<RETURN>", "trityp.is_side_one_equal_three.<RETURN>", "trityp.is_side_two_equal_three.<RETURN>"]}