{"passed": {"1": {"inp": [3, 2, 3], "icnt": {"multiply_xy": [{"name": 1, "value": 0}, {"name": 2, "value": 0}, {"name": 3, "value": 0}, {"name": 4, "value": 0}, {"name": 8, "value": 0}], "multiply_rxy_z": [{"name": 5, "value": 0}, {"name": 6, "value": 0}, {"name": 9, "value": 0}], "multiply": [{"name": 7, "value": 0}, {"name": 10, "value": 0}]}}, "2": {"inp": [3, 1, 3], "icnt": {"multiply_xy": [{"name": 1, "value": 0}, {"name": 2, "value": 0}, {"name": 3, "value": 0}, {"name": 4, "value": 0}, {"name": 8, "value": 0}], "multiply_rxy_z": [{"name": 5, "value": 0}, {"name": 6, "value": 0}, {"name": 9, "value": 0}], "multiply": [{"name": 7, "value": 0}, {"name": 10, "value": 0}]}}, "3": {"inp": [3, 4, 3], "icnt": {"multiply_xy": [{"name": 1, "value": 0}, {"name": 2, "value": 0}, {"name": 3, "value": 0}, {"name": 4, "value": 0}, {"name": 8, "value": 0}], "multiply_rxy_z": [{"name": 5, "value": 0}, {"name": 6, "value": 0}, {"name": 9, "value": 0}], "multiply": [{"name": 7, "value": 0}, {"name": 10, "value": 0}]}}, "4": {"inp": [4, 4, 3], "icnt": {"multiply_xy": [{"name": 1, "value": 0}, {"name": 2, "value": 0}, {"name": 3, "value": 0}, {"name": 4, "value": 0}, {"name": 8, "value": 0}], "multiply_rxy_z": [{"name": 5, "value": 0}, {"name": 6, "value": 0}, {"name": 9, "value": 0}], "multiply": [{"name": 7, "value": 0}, {"name": 10, "value": 0}]}}}, "failed": {"1": {"inp": [-3, 2, 3], "icnt": {"multiply_xy": [{"name": 1, "value": 0}, {"name": 2, "value": 0}, {"name": 3, "value": 0}, {"name": 4, "value": 0}, {"name": 8, "value": 0}], "multiply_rxy_z": [{"name": 5, "value": 0}, {"name": 6, "value": 0}, {"name": 9, "value": 0}], "multiply": [{"name": 7, "value": 0}, {"name": 10, "value": 0}]}}, "2": {"inp": [3, 1, -3], "icnt": {"multiply_xy": [{"name": 1, "value": 0}, {"name": 2, "value": 0}, {"name": 3, "value": 0}, {"name": 4, "value": 0}, {"name": 8, "value": 0}], "multiply_rxy_z": [{"name": 5, "value": 0}, {"name": 6, "value": 0}, {"name": 9, "value": 0}], "multiply": [{"name": 7, "value": 0}, {"name": 10, "value": 0}]}}, "3": {"inp": [-3, 4, 3], "icnt": {"multiply_xy": [{"name": 1, "value": 0}, {"name": 2, "value": 0}, {"name": 3, "value": 0}, {"name": 4, "value": 0}, {"name": 8, "value": 0}], "multiply_rxy_z": [{"name": 5, "value": 0}, {"name": 6, "value": 0}, {"name": 9, "value": 0}], "multiply": [{"name": 7, "value": 0}, {"name": 10, "value": 0}]}}, "4": {"inp": [4, 4, -3], "icnt": {"multiply_xy": [{"name": 1, "value": 0}, {"name": 2, "value": 0}, {"name": 3, "value": 0}, {"name": 4, "value": 0}, {"name": 8, "value": 0}], "multiply_rxy_z": [{"name": 5, "value": 0}, {"name": 6, "value": 0}, {"name": 9, "value": 0}], "multiply": [{"name": 7, "value": 0}, {"name": 10, "value": 0}]}}}}