{"passed": {"1": {"inp": [[3, 6, 6, 3]], "icnt": {"next_palindrome": [{"name": 1, "value": 0}, {"name": 2, "value": 0}, {"name": 3, "value": 0}, {"name": 4, "value": 0}, {"name": 5, "value": 0}, {"name": 6, "value": 0}, {"name": 7, "value": 0}]}}, "2": {"inp": [[2, 2, 2, 2]], "icnt": {"next_palindrome": [{"name": 1, "value": 0}, {"name": 2, "value": 0}, {"name": 3, "value": 0}, {"name": 4, "value": 0}, {"name": 5, "value": 0}, {"name": 6, "value": 0}, {"name": 7, "value": 0}]}}, "3": {"inp": [[5, 7, 7, 8]], "icnt": {"next_palindrome": [{"name": 1, "value": 0}, {"name": 2, "value": 0}, {"name": 3, "value": 0}, {"name": 4, "value": 0}, {"name": 5, "value": 0}, {"name": 6, "value": 0}, {"name": 7, "value": 0}]}}, "4": {"inp": [[9, 1, 1, 1]], "icnt": {"next_palindrome": [{"name": 1, "value": 0}, {"name": 2, "value": 0}, {"name": 3, "value": 0}, {"name": 4, "value": 0}, {"name": 5, "value": 0}, {"name": 6, "value": 0}, {"name": 7, "value": 0}]}}, "5": {"inp": [[3, 6, 6, 9]], "icnt": {"next_palindrome": [{"name": 1, "value": 0}, {"name": 2, "value": 0}, {"name": 3, "value": 0}, {"name": 4, "value": 0}, {"name": 5, "value": 0}, {"name": 6, "value": 0}, {"name": 7, "value": 0}]}}, "6": {"inp": [[8, 5, 5, 2]], "icnt": {"next_palindrome": [{"name": 1, "value": 0}, {"name": 2, "value": 0}, {"name": 3, "value": 0}, {"name": 4, "value": 0}, {"name": 5, "value": 0}, {"name": 6, "value": 0}, {"name": 7, "value": 0}]}}, "7": {"inp": [[6, 3, 3, 4]], "icnt": {"next_palindrome": [{"name": 1, "value": 0}, {"name": 2, "value": 0}, {"name": 3, "value": 0}, {"name": 4, "value": 0}, {"name": 5, "value": 0}, {"name": 6, "value": 0}, {"name": 7, "value": 0}]}}, "8": {"inp": [[4, 3, 3, 2]], "icnt": {"next_palindrome": [{"name": 1, "value": 0}, {"name": 2, "value": 0}, {"name": 3, "value": 0}, {"name": 4, "value": 0}, {"name": 5, "value": 0}, {"name": 6, "value": 0}, {"name": 7, "value": 0}]}}, "9": {"inp": [[0, 1, 1, 1]], "icnt": {"next_palindrome": [{"name": 1, "value": 0}, {"name": 2, "value": 0}, {"name": 3, "value": 0}, {"name": 4, "value": 0}, {"name": 5, "value": 0}, {"name": 6, "value": 0}, {"name": 7, "value": 0}]}}, "10": {"inp": [[5, 5, 5, 6]], "icnt": {"next_palindrome": [{"name": 1, "value": 0}, {"name": 2, "value": 0}, {"name": 3, "value": 0}, {"name": 4, "value": 0}, {"name": 5, "value": 0}, {"name": 6, "value": 0}, {"name": 7, "value": 0}]}}, "11": {"inp": [[9, 8, 0, 1]], "icnt": {"next_palindrome": [{"name": 1, "value": 0}, {"name": 2, "value": 0}, {"name": 3, "value": 0}, {"name": 4, "value": 0}, {"name": 5, "value": 0}, {"name": 6, "value": 0}, {"name": 7, "value": 0}]}}, "12": {"inp": [[4, 3, 3, 6]], "icnt": {"next_palindrome": [{"name": 1, "value": 0}, {"name": 2, "value": 0}, {"name": 3, "value": 0}, {"name": 4, "value": 0}, {"name": 5, "value": 0}, {"name": 6, "value": 0}, {"name": 7, "value": 0}]}}, "13": {"inp": [[3, 7, 4, 1]], "icnt": {"next_palindrome": [{"name": 1, "value": 0}, {"name": 2, "value": 0}, {"name": 3, "value": 0}, {"name": 4, "value": 0}, {"name": 5, "value": 0}, {"name": 6, "value": 0}, {"name": 7, "value": 0}]}}, "14": {"inp": [[8, 2, 2, 3]], "icnt": {"next_palindrome": [{"name": 1, "value": 0}, {"name": 2, "value": 0}, {"name": 3, "value": 0}, {"name": 4, "value": 0}, {"name": 5, "value": 0}, {"name": 6, "value": 0}, {"name": 7, "value": 0}]}}, "15": {"inp": [[1, 9, 9, 6]], "icnt": {"next_palindrome": [{"name": 1, "value": 0}, {"name": 2, "value": 0}, {"name": 3, "value": 0}, {"name": 4, "value": 0}, {"name": 5, "value": 0}, {"name": 6, "value": 0}, {"name": 7, "value": 0}]}}}, "failed": {"1": {"inp": [[3, 3, 3]], "icnt": {"next_palindrome": [{"name": 1, "value": 0}, {"name": 2, "value": 0}, {"name": 3, "value": 0}, {"name": 4, "value": 0}, {"name": 5, "value": 0}, {"name": 6, "value": 0}, {"name": 7, "value": 0}]}}, "2": {"inp": [[3, 0, 3]], "icnt": {"next_palindrome": [{"name": 1, "value": 0}, {"name": 2, "value": 0}, {"name": 3, "value": 0}, {"name": 4, "value": 0}, {"name": 5, "value": 0}, {"name": 6, "value": 0}, {"name": 7, "value": 0}]}}, "3": {"inp": [[6, 8, 8, 8, 0]], "icnt": {"next_palindrome": [{"name": 1, "value": 0}, {"name": 2, "value": 0}, {"name": 3, "value": 0}, {"name": 4, "value": 0}, {"name": 5, "value": 0}, {"name": 6, "value": 0}, {"name": 7, "value": 0}]}}, "4": {"inp": [[2, 6, 4, 6, 6]], "icnt": {"next_palindrome": [{"name": 1, "value": 0}, {"name": 2, "value": 0}, {"name": 3, "value": 0}, {"name": 4, "value": 0}, {"name": 5, "value": 0}, {"name": 6, "value": 0}, {"name": 7, "value": 0}]}}, "5": {"inp": [[3, 6, 0, 2, 1]], "icnt": {"next_palindrome": [{"name": 1, "value": 0}, {"name": 2, "value": 0}, {"name": 3, "value": 0}, {"name": 4, "value": 0}, {"name": 5, "value": 0}, {"name": 6, "value": 0}, {"name": 7, "value": 0}]}}, "6": {"inp": [[1, 4, 5, 4, 8]], "icnt": {"next_palindrome": [{"name": 1, "value": 0}, {"name": 2, "value": 0}, {"name": 3, "value": 0}, {"name": 4, "value": 0}, {"name": 5, "value": 0}, {"name": 6, "value": 0}, {"name": 7, "value": 0}]}}, "7": {"inp": [[4, 4, 9, 4, 2]], "icnt": {"next_palindrome": [{"name": 1, "value": 0}, {"name": 2, "value": 0}, {"name": 3, "value": 0}, {"name": 4, "value": 0}, {"name": 5, "value": 0}, {"name": 6, "value": 0}, {"name": 7, "value": 0}]}}, "8": {"inp": [[8, 6, 3, 2, 4, 7]], "icnt": {"next_palindrome": [{"name": 1, "value": 0}, {"name": 2, "value": 0}, {"name": 3, "value": 0}, {"name": 4, "value": 0}, {"name": 5, "value": 0}, {"name": 6, "value": 0}, {"name": 7, "value": 0}]}}, "9": {"inp": [[2, 3, 1]], "icnt": {"next_palindrome": [{"name": 1, "value": 0}, {"name": 2, "value": 0}, {"name": 3, "value": 0}, {"name": 4, "value": 0}, {"name": 5, "value": 0}, {"name": 6, "value": 0}, {"name": 7, "value": 0}]}}, "10": {"inp": [[2, 1, 2]], "icnt": {"next_palindrome": [{"name": 1, "value": 0}, {"name": 2, "value": 0}, {"name": 3, "value": 0}, {"name": 4, "value": 0}, {"name": 5, "value": 0}, {"name": 6, "value": 0}, {"name": 7, "value": 0}]}}, "11": {"inp": [[7, 7, 5, 7, 9]], "icnt": {"next_palindrome": [{"name": 1, "value": 0}, {"name": 2, "value": 0}, {"name": 3, "value": 0}, {"name": 4, "value": 0}, {"name": 5, "value": 0}, {"name": 6, "value": 0}, {"name": 7, "value": 0}]}}, "12": {"inp": [[3, 5, 1, 5, 7]], "icnt": {"next_palindrome": [{"name": 1, "value": 0}, {"name": 2, "value": 0}, {"name": 3, "value": 0}, {"name": 4, "value": 0}, {"name": 5, "value": 0}, {"name": 6, "value": 0}, {"name": 7, "value": 0}]}}, "13": {"inp": [[0, 2, 9, 2, 5]], "icnt": {"next_palindrome": [{"name": 1, "value": 0}, {"name": 2, "value": 0}, {"name": 3, "value": 0}, {"name": 4, "value": 0}, {"name": 5, "value": 0}, {"name": 6, "value": 0}, {"name": 7, "value": 0}]}}, "14": {"inp": [[4, 3, 0, 3, 6]], "icnt": {"next_palindrome": [{"name": 1, "value": 0}, {"name": 2, "value": 0}, {"name": 3, "value": 0}, {"name": 4, "value": 0}, {"name": 5, "value": 0}, {"name": 6, "value": 0}, {"name": 7, "value": 0}]}}, "15": {"inp": [[8, 3, 3, 3, 1]], "icnt": {"next_palindrome": [{"name": 1, "value": 0}, {"name": 2, "value": 0}, {"name": 3, "value": 0}, {"name": 4, "value": 0}, {"name": 5, "value": 0}, {"name": 6, "value": 0}, {"name": 7, "value": 0}]}}}}