{"next_palindrome": [], "next_palindrome.next_palindrome": [], "next_palindrome.next_palindrome.<RETURN>": ["next_palindrome.next_palindrome.<list5>", "next_palindrome.next_palindrome.candidate"], "next_palindrome.next_palindrome.digit_list": [], "next_palindrome.next_palindrome.n": [], "next_palindrome.next_palindrome.mid": ["next_palindrome.next_palindrome.n"], "next_palindrome.next_palindrome.left_side": [], "next_palindrome.next_palindrome.left_side_reverse": [], "next_palindrome.next_palindrome.candidate": ["next_palindrome.next_palindrome.left_side"], "next_palindrome.next_palindrome.middle": [], "next_palindrome.next_palindrome.i": [], "next_palindrome.next_palindrome.<list1>": [], "next_palindrome.next_palindrome.<list1>.<int0>": ["next_palindrome.next_palindrome.middle"], "next_palindrome.next_palindrome.<list2>": [], "next_palindrome.next_palindrome.<list2>.<int0>": [], "next_palindrome.next_palindrome.<list3>": [], "next_palindrome.next_palindrome.<list3>.<int0>": [], "next_palindrome.next_palindrome.<list4>": [], "next_palindrome.next_palindrome.<list4>.<int0>": [], "next_palindrome.next_palindrome.<list5>": [], "next_palindrome.next_palindrome.<list5>.<int0>": []}